,window,window_length,overlap,overlap_length,hop_length,n_fft,n_mels,n_neighbor,channel,accuracy,recall,precision,f1,cross_val_scores,cross_val_mean,cross_val_stdev
0,1,16000,0.5,8000,8000,16384,512,3,1,0.975,0.9838709677419355,0.95,0.9654874892148404,[0.9875 0.9875 1.     1.     0.975 ],99.0,0.9354143466934856
1,1,16000,0.5,8000,8000,16384,512,3,1,1.0,1.0,1.0,1.0,[1.     1.     1.     1.     0.9875],99.75,0.49999999999999817
2,1,16000,0.5,8000,8000,16384,512,3,1,1.0,1.0,1.0,1.0,[0.9875 1.     1.     1.     1.    ],99.75,0.49999999999999817
3,1,16000,0.5,8000,8000,16384,512,3,1,1.0,1.0,1.0,1.0,[0.95   0.9875 1.     1.     1.    ],98.75,1.9364916731037103
