,window,window_length,overlap,overlap_length,hop_length,n_fft,n_mels,n_neighbor,channel,accuracy,recall,precision,f1,cross_val_scores,cross_val_mean,cross_val_stdev
0,1,16000,0.5,8000,8000,16384,32,5,0,0.8541666666666666,0.8585408068166689,0.7440195723088076,0.7773005647021396,[0.95416667 0.96666667 0.88333333 0.7875     0.73333333],86.5,9.161362101541211
1,1,16000,0.5,8000,8000,16384,32,5,1,0.875,0.8936946326211568,0.7738310982239942,0.8105263157894738,[0.97083333 0.91666667 0.8875     0.8125     0.75833333],86.91666666666666,7.539709690845014
2,1,16000,0.5,8000,8000,16384,32,5,2,0.8625,0.8745173745173744,0.7548930772018847,0.79002624671916,[0.94583333 0.92083333 0.875      0.8        0.74166667],85.66666666666667,7.594771593376295
3,1,16000,0.5,8000,8000,16384,32,5,3,0.8541666666666666,0.8672473867595818,0.7387640449438202,0.7738957228607575,[0.925      0.91666667 0.89166667 0.81666667 0.7125    ],85.25,7.973915809270457
4,1,16000,0.5,8000,8000,16384,32,5,4,0.8458333333333333,0.8505226480836237,0.727890540050743,0.7609754784528007,[0.9625     0.95833333 0.87083333 0.78333333 0.7375    ],86.25,9.07147544044885
5,1,16000,0.5,8000,8000,16384,32,5,5,0.8458333333333333,0.8356295445847685,0.7384015947807177,0.7680190182606651,[0.97083333 0.97083333 0.88333333 0.7625     0.73333333],86.41666666666667,10.057473727421703
6,1,16000,0.5,8000,8000,16384,32,5,6,0.8583333333333333,0.8624283480979678,0.7520840884378398,0.7852631578947369,[0.975      0.98333333 0.89166667 0.77916667 0.72916667],87.16666666666667,10.238136766250216
7,1,16000,0.5,8000,8000,16384,32,5,7,0.8583333333333333,0.8709150326797386,0.7468285610728524,0.7820279944438507,[0.9625     0.975      0.88333333 0.775      0.72083333],86.33333333333333,10.080922576827977
