,window,window_length,overlap,overlap_length,hop_length,n_fft,n_mels,n_neighbor,channel,accuracy,recall,precision,f1,cross_val_scores,cross_val_mean,cross_val_stdev
0,1,16000,0.5,8000,8000,16384,8,3,6,0.8291666666666667,0.7959508912761185,0.7271656397245378,0.750095238095238,[0.975      0.95833333 0.8625     0.77916667 0.6875    ],85.25,10.85446656655427
1,1,16000,0.5,8000,8000,16384,16,3,6,0.8375,0.8101168693188525,0.7380391446176151,0.7622857142857142,[0.975      0.97083333 0.87916667 0.775      0.68333333],85.66666666666667,11.336396644828941
2,1,16000,0.5,8000,8000,16384,32,3,6,0.8625,0.847008547008547,0.775915186661834,0.8015584675903886,[0.975      0.97916667 0.8875     0.79166667 0.71666667],86.99999999999999,10.285507603743563
3,1,16000,0.5,8000,8000,16384,64,3,6,0.8875,0.888034188034188,0.8085357013410657,0.837638746210318,[0.9875     0.97916667 0.9125     0.8125     0.7625    ],89.08333333333334,8.969082698049142
4,1,16000,0.5,8000,8000,16384,128,3,6,0.8958333333333334,0.8949950391357071,0.8246647335991302,0.8516283785454635,[0.97916667 0.97916667 0.925      0.84583333 0.79166667],90.41666666666666,7.448899993362182
5,1,16000,0.5,8000,8000,16384,216,3,6,0.9125,0.9146810556683407,0.8516672707502718,0.8769501208525599,[0.98333333 0.97916667 0.925      0.85833333 0.80416667],91.00000000000001,6.965191231322286
6,1,16000,0.5,8000,8000,16384,532,3,6,0.925,0.92430441898527,0.8758608191373686,0.8964624676445211,[1.         0.97916667 0.925      0.86666667 0.8       ],91.41666666666669,7.348469228349532
