,window,window_length,overlap,overlap_length,hop_length,n_fft,n_mels,n_neighbor,channel,accuracy,recall,precision,f1,cross_val_scores,cross_val_mean,cross_val_stdev
0,1,16000,0.5,8000,8000,16384,512,3,1,0.995243757431629,0.9973579920739762,0.9772727272727273,0.9870475897119976,[0.99408284 0.9702381  0.98809524 0.98214286 0.98809524],98.45308537616229,0.8082519298317183
