,window,window_length,overlap,overlap_length,hop_length,n_fft,n_mels,n_neighbor,channel,accuracy,recall,precision,f1,cross_val_scores,cross_val_mean,cross_val_stdev
0,1,16000,0.5,8000,8000,16384,512,3,6,0.9731379731379731,0.9835820895522388,0.935672514619883,0.9572790212443096,[0.93292683 0.93902439 0.97560976 0.96341463 0.95092025],95.23791710309742,1.5622507882089558
