,window,window_length,overlap,overlap_length,hop_length,n_fft,n_mels,n_neighbor,channel,accuracy,recall,precision,f1,cross_val_scores,cross_val_mean,cross_val_stdev
0,1,16000,0.5,8000,8000,16384,512,3,7,0.9688249400479616,0.9830729166666667,0.8586956521739131,0.9091122474641629,[0.93413174 0.91616766 0.92814371 0.92215569 0.92168675],92.44571098766323,0.6146149891160939
